mode,pattern,io_size_kib,threads,n,throughput_gibs_mean,throughput_gibs_std,throughput_gibs_min,throughput_gibs_max,avg_lat_us_mean,avg_lat_us_std,avg_lat_us_min,avg_lat_us_max,iops_mean,iops_std,iops_min,iops_max,active_cores_mean,active_cores_std,active_cores_min,active_cores_max,total_cpu_pct_mean,total_cpu_pct_std,total_cpu_pct_min,total_cpu_pct_max,gdsio_cpu_pct_mean,gdsio_cpu_pct_std,gdsio_cpu_pct_min,gdsio_cpu_pct_max,gdsio_usr_pct_mean,gdsio_usr_pct_std,gdsio_usr_pct_min,gdsio_usr_pct_max,gdsio_sys_pct_mean,gdsio_sys_pct_std,gdsio_sys_pct_min,gdsio_sys_pct_max,dram_read_mibs_mean,dram_read_mibs_std,dram_read_mibs_min,dram_read_mibs_max,dram_write_mibs_mean,dram_write_mibs_std,dram_write_mibs_min,dram_write_mibs_max,ssd_r_mbs_mean,ssd_r_mbs_std,ssd_r_mbs_min,ssd_r_mbs_max,ssd_w_mbs_mean,ssd_w_mbs_std,ssd_w_mbs_min,ssd_w_mbs_max,ssd_r_await_ms_mean,ssd_r_await_ms_std,ssd_r_await_ms_min,ssd_r_await_ms_max,ssd_w_await_ms_mean,ssd_w_await_ms_std,ssd_w_await_ms_min,ssd_w_await_ms_max,ssd_aqu_sz_mean,ssd_aqu_sz_std,ssd_aqu_sz_min,ssd_aqu_sz_max,ssd_util_pct_mean,ssd_util_pct_std,ssd_util_pct_min,ssd_util_pct_max
cpu,rand,4,1,3,0.2756173333333333,0.0154989780738387,0.257728,0.285006,13.870769,0.8060734590742956,13.384621,14.801229,72135.51388888889,3989.759026430227,67529.50833333333,74520.44166666667,0.0,0.0,0.0,0.0,107.36727777777776,0.4311666774041136,106.92016666666665,107.78049999999998,56.11963276836158,1.2603285930285975,54.665,56.885169491525424,42.6716384180791,0.6786564352598461,41.894745762711864,43.148983050847455,13.447909604519774,0.58912392738659,12.770169491525424,13.837457627118644,436.46381333333335,2.837575925844694,433.30728,438.80304,490.73712,139.2101392623397,409.91912,651.4823200000001,277.41182221137154,15.698127014389469,259.3014957682292,287.13275480143227,0.0,0.0,0.0,0.0,0.00986111111111111,4.8112522432468525e-05,0.009833333333333333,0.009916666666666666,0.0,0.0,0.0,0.0,0.44225000000000003,0.0106108565996237,0.4359166666666667,0.4545,42.16286111111111,1.1845522546437057,41.27908333333333,43.508833333333335
cpu,rand,4,2,3,0.483248,0.010384740102669881,0.471265,0.489625,15.792813666666667,0.34387467115845216,15.582132,16.189633,126258.00555555556,2624.096587628537,123231.21666666666,127893.03333333334,0.0,0.0,0.0,0.0,205.07025,0.8057798284546588,204.51308333333333,205.99416666666664,114.15443502824859,4.467226297102503,111.4822033898305,119.31161016949153,85.255,4.499635291965439,82.5777966101695,90.44991525423728,28.899435028248586,0.03551619322011351,28.861694915254237,28.93220338983051,867.7732,280.08582222544857,705.33904,1191.18736,1136.6326666666666,8.533699568307583,1130.87624,1146.43704,485.90562421332464,10.480771498455564,473.81223250325525,492.3510416666667,0.0,0.0,0.0,0.0,0.009944444444444445,9.622504486493805e-05,0.009833333333333333,0.01,0.0,0.0,0.0,0.0,0.85775,0.0443211136041403,0.8065833333333333,0.88425,74.40072222222223,5.303924848070667,69.05491666666667,79.66175
cpu,rand,4,4,3,0.8366526666666666,0.004380365547911881,0.832409,0.841158,18.244826,0.09305503211003592,18.146107,18.33093,218299.99722222224,1642.8848020481907,216533.81666666668,219782.69166666668,1.3333333333333333,2.309401076758503,0.0,4.0,398.77302777777777,1.7798846957296286,397.37216666666666,400.7758333333333,236.86237288135592,2.0838425441082435,234.5480508474576,238.5899152542373,165.08697740112993,3.2652522867200178,161.90186440677965,168.42686440677966,71.77545197740113,1.397803326343258,70.16313559322033,72.64627118644069,1578.7708266666666,75.18812862076906,1494.93656,1640.2357599999998,1695.4139466666668,186.61866031631175,1568.0862400000003,1909.6343200000001,841.9593649088541,4.149128170398504,837.6611737467448,845.9413350423177,0.0,0.0,0.0,0.0,0.010027777777777778,0.00012729376930432887,0.009916666666666666,0.010166666666666666,0.0,0.0,0.0,0.0,1.6154444444444445,0.01998633792628612,1.5981666666666667,1.6373333333333333,89.37561111111111,3.6720729181490612,86.56083333333332,93.52925
cpu,rand,4,8,3,1.4259613333333334,0.00796153008744767,1.416942,1.432012,21.407288333333334,0.11825701664735803,21.315744,21.540807,372542.53055555554,2151.176866555534,370090.35833333334,374111.69166666665,2.0,1.0,1.0,3.0,789.52375,4.184678936144454,784.8889166666667,793.0245,450.4885593220339,4.3734059015638325,447.8607627118644,455.5371186440678,302.61033898305084,4.124894050331215,299.6100847457627,307.3141525423729,147.87822033898306,0.6212708858827258,147.16101694915255,148.2506779661017,3112.43392,584.0739638940428,2765.7916,3786.7757600000004,3556.3992533333335,77.99976604733475,3466.69776,3608.2639200000003,1435.4104569498697,7.4872014871466295,1427.2092019042968,1441.8802083333333,0.0,0.0,0.0,0.0,0.01,8.33333333333337e-05,0.009916666666666666,0.010083333333333333,0.0,0.0,0.0,0.0,3.3520555555555553,0.04232023528780086,3.30325,3.3785833333333333,95.96638888888889,0.07901478120040488,95.88366666666667,96.04108333333333
cpu,rand,4,16,3,1.994216,0.006438485769185119,1.986971,1.999283,30.610744333333333,0.09852009749453979,30.53513,30.722159,521439.4888888889,2503.6101438491078,518550.00833333336,522963.225,12.333333333333334,1.5275252316519468,11.0,14.0,1406.3869722222223,4.620104545273872,1401.0604166666667,1409.3075833333335,874.7806779661017,0.6816890997568801,874.3813559322034,875.5677966101695,541.0160734463277,4.793427794048597,535.5736440677966,544.6101694915254,333.76457627118646,4.616384964532786,329.771186440678,338.81915254237293,7230.989813333334,519.321996601361,6920.42416,7830.521519999999,6767.553226666667,67.62115894442854,6705.336480000001,6839.52024,2008.3142406141494,8.23753848847869,1998.9020833333334,2014.2100721028646,0.0,0.0,0.0,0.0,0.010083333333333333,8.333333333333283e-05,0.01,0.010166666666666666,0.0,0.0,0.0,0.0,5.396527777777778,0.02896170044373466,5.363666666666666,5.418333333333334,101.70280555555556,3.2825130958667925,97.93916666666668,103.97341666666667
cpu,rand,4,32,3,2.4690703333333333,0.03183210306174153,2.445131,2.505195,49.449933333333334,0.6360520166655674,48.72909,49.932219,645249.6527777778,10072.048351344842,637156.0,656529.4416666667,24.0,0.0,24.0,24.0,2266.18275,27.995568483144712,2244.89475,2297.8949166666666,1448.7156214689264,10.047303050806903,1440.5169491525423,1459.9237288135594,797.5861016949152,6.334535492230466,793.317627118644,804.8644067796611,651.1295197740113,4.687888954146026,645.9406779661017,655.0593220338983,10960.541626666667,393.2104742113142,10506.55896,11193.8004,9817.423386666667,227.44562338658244,9682.64816,10080.02432,2486.961480034722,31.814001280285048,2463.300716145833,2523.1281901041666,0.0,0.0,0.0,0.0,0.01011111111111111,4.8112522432468525e-05,0.010083333333333333,0.010166666666666666,0.0,0.0,0.0,0.0,8.527972222222221,0.18963827653173312,8.380583333333332,8.741916666666667,104.06777777777778,0.24711717493559554,103.8125,104.30583333333334
cpu,rand,8,16,3,3.8756209999999998,0.044981999944422306,3.839434,3.925983,31.504589333333335,0.3666501589108246,31.094232,31.799976,507260.27222222224,5468.269997133549,503028.1583333333,513434.51666666666,11.333333333333334,0.5773502691896257,11.0,12.0,1465.8829722222224,4.479938467872552,1460.8245833333337,1469.3499166666668,870.9389265536723,6.294316187583142,863.8305084745763,875.8050847457627,558.2867514124293,9.019422011945657,550.1907627118644,568.0084745762712,312.65214689265537,8.958626078918067,307.1694915254237,322.99033898305083,10072.628533333333,1082.8029947452824,8825.54752,10773.976719999999,9668.92968,214.11522747812666,9443.991039999999,9870.26568,3903.617514105903,44.21148676500616,3868.090042317708,3953.130338541667,0.0,0.0,0.0,0.0,0.01011111111111111,4.8112522432468525e-05,0.010083333333333333,0.010166666666666666,0.0,0.0,0.0,0.0,5.989916666666666,0.08946519341807363,5.917,6.0897499999999996,98.20530555555557,0.020236506707032587,98.18341666666667,98.22333333333334
cpu,rand,16,16,3,6.7191643333333335,0.016620843821338747,6.708291,6.738297,36.338456,0.09255058283987197,36.231884,36.398628,439637.8416666667,713.8807192517767,439102.39166666666,440448.3333333333,16.333333333333332,0.5773502691896257,16.0,17.0,1555.3500277777775,2.0176401168700857,1553.1334166666666,1557.0794999999998,794.54802259887,3.616950079159446,791.9915254237288,798.6864406779661,571.2627118644068,10.23313068011109,561.2796610169491,581.728813559322,223.28531073446328,10.527737720654438,211.23728813559322,230.71186440677965,12749.612533333335,2082.0996030312713,10351.799120000001,14100.199440000002,13015.82832,399.4713925986319,12603.865280000002,13401.51024,6767.719894802517,17.114464166722822,6756.1099448242185,6787.374479166667,0.0,0.0,0.0,0.0,0.01991666666666667,0.0,0.01991666666666667,0.01991666666666667,0.0,0.0,0.0,0.0,7.937444444444444,0.04873356798089108,7.8814166666666665,7.97,100.12280555555556,3.020728872140213,98.37175,103.61083333333333
cpu,rand,32,16,3,6.905088666666667,0.00048423272641703966,6.90453,6.905388,70.713098,0.004951994446689235,70.710033,70.718811,225868.60555555555,204.79592083294241,225657.95833333334,226067.0,15.333333333333334,0.5773502691896257,15.0,16.0,1585.5498055555554,0.5746477806093423,1584.915,1586.0345,346.23728813559325,0.35964568091393423,345.8220338983051,346.4491525423729,239.42090395480227,1.854854832663127,238.16101694915255,241.55084745762713,106.81638418079096,1.7359509805177429,104.89830508474576,108.27966101694915,2472.1745866666665,2588.805927408923,959.4139200000001,5461.39672,3083.80696,3859.003911563149,837.95688,7539.75304,6955.556076388889,0.7572101850607103,6954.697135416666,6956.127083333334,0.0,0.0,0.0,0.0,0.057999999999999996,0.00046398036356916665,0.057583333333333334,0.058499999999999996,0.0,0.0,0.0,0.0,12.4585,0.013094475085995927,12.447750000000001,12.473083333333333,98.36975,0.01391117656178781,98.35416666666667,98.38091666666666
cpu,rand,64,16,3,6.9214953333333336,0.000668518760644319,6.92075,6.922042,141.09097366666666,0.013620052581875328,141.07981,141.106149,113084.43333333333,43.593520957184055,113034.1,113110.15833333334,15.333333333333334,0.5773502691896257,15.0,16.0,1413.5445277777778,36.990519226152685,1385.12825,1455.3694166666667,187.4016384180791,0.8361218174253336,186.73728813559322,188.34050847457627,130.7760451977401,1.1831997542795785,129.53389830508473,131.88983050847457,56.625593220338985,1.2079246496396732,55.23728813559322,57.43610169491525,3675.5582133333332,2750.3010128744086,499.79448,5270.45392,5034.564799999999,3730.265608620903,727.3855999999998,7220.35712,6971.5717184244795,2.4529154347244138,6968.7640625,6973.298958333334,0.0,0.0,0.0,0.0,0.12594444444444444,0.0006735753140545533,0.12516666666666668,0.12633333333333333,0.0,0.0,0.0,0.0,13.969666666666667,0.0053196438895021314,13.965083333333332,13.9755,100.38147222222223,3.471493861051004,98.37025,104.39
cpu,rand,128,16,3,6.931739333333334,0.00018215469616034721,6.931529,6.931845,281.76487033333336,0.00755160223617233,281.760463,281.77359,56460.447222222225,132.7411286880218,56315.675,56576.433333333334,11.0,1.7320508075688772,9.0,12.0,1207.3058333333333,123.10115139188152,1068.52675,1303.3255833333333,114.32725988700565,1.3002715236223354,113.45762711864407,115.82203389830508,79.2831638418079,0.5332194051446284,78.7393220338983,79.80508474576271,35.04409604519774,0.9348584698302871,34.152542372881356,36.016949152542374,2266.171893333333,3349.874659881707,309.28831999999994,6134.18376,3104.7430666666664,3464.1564094623745,775.0995999999999,7085.5815999999995,6976.311939615885,1.172260072017579,6975.5913469238285,6977.664583333333,0.0,0.0,0.0,0.0,0.2556111111111111,9.622504486492703e-05,0.2555,0.25566666666666665,0.0,0.0,0.0,0.0,14.6535,0.015314073048452271,14.635916666666667,14.663916666666667,98.28422222222223,0.015386306441966731,98.27258333333333,98.30166666666668
cpu,rand,256,16,3,6.936775,0.0004522245017688694,6.936253,6.937048,563.1203556666667,0.03653607702440168,563.098044,563.16252,28293.208333333332,49.50140359962723,28244.666666666668,28343.616666666665,13.333333333333334,0.5773502691896257,13.0,14.0,1193.3120277777778,53.013418700961296,1148.0518333333332,1251.6360833333333,80.81073446327683,0.7945037663840366,79.90677966101696,81.39830508474576,55.8728813559322,0.3771900522757261,55.440677966101696,56.13559322033898,24.937853107344633,0.4181268105311557,24.466101694915253,25.26271186440678,3336.5945333333334,19.992778442520983,3315.28512,3354.93968,4303.277333333333,118.95826385133493,4199.19352,4432.9464800000005,6985.484027777778,3.9845112086375036,6981.595833333334,6989.558333333333,0.0,0.0,0.0,0.0,0.5323333333333333,0.0033860416089849734,0.5285833333333334,0.5351666666666667,0.0,0.0,0.0,0.0,14.987194444444444,0.015167887618742801,14.971916666666667,15.00225,100.36027777777777,3.5011123563064137,98.28333333333333,104.40249999999999
cpu,rand,512,16,3,6.9386573333333335,0.0001874628852155721,6.938441,6.938772,1125.9347486666668,0.03073584910706371,1125.916136,1125.970225,14183.113888888889,9.452036572631824,14173.416666666666,14192.3,12.666666666666666,1.1547005383792515,12.0,14.0,1167.5385277777777,40.328549341138476,1137.5290833333333,1213.3809999999999,64.39649717514123,0.17257711126221237,64.2457627118644,64.58474576271186,44.817937853107345,0.12628279816173765,44.71186440677966,44.95762711864407,19.578531073446328,0.04673583470651529,19.533898305084747,19.627118644067796,4017.8619200000003,887.9189513847275,3473.35312,5042.46776,5383.916746666667,186.16652880815028,5202.60408,5574.584400000001,6986.724999999999,3.333677065610699,6982.966666666666,6989.325,0.0,0.0,0.0,0.0,1.0677777777777777,0.005006477285958104,1.062,1.0708333333333333,0.0,0.0,0.0,0.0,15.164250000000001,0.006016181882592311,15.157416666666668,15.16875,100.08361111111111,3.0671277204745944,98.27833333333334,103.625
cpu,rand,1024,16,3,6.887576666666667,0.002247029668992787,6.885323,6.889817,2268.5679473333334,0.7381268637884228,2267.831525,2269.307767,7026.991666666667,28.94030254007556,6995.225,7051.858333333334,9.666666666666666,1.1547005383792515,9.0,11.0,1075.891361111111,85.99615843294707,996.2149999999999,1167.0529999999999,84.46892655367232,4.777875112117948,81.17796610169492,89.94915254237289,44.559322033898304,2.449680313787638,42.44915254237288,47.24576271186441,39.909604519774014,2.429120666908502,38.29661016949152,42.70338983050848,2865.9437866666667,31.32343813020117,2843.1603999999998,2901.66336,6331.572026666667,242.5785803165229,6052.11888,6487.84616,6928.289356146918,4.794255371681161,6923.4973836263025,6933.085891113281,0.0,0.0,0.0,0.0,2.093916666666667,0.009260129588726306,2.0834166666666665,2.100916666666667,0.0,0.0,0.0,0.0,26.805805555555555,0.8457828898477788,25.91875,27.603166666666667,98.23425,0.036666666666668846,98.19758333333333,98.27091666666666
cpu,rand,2048,16,3,6.860851,0.0029448044077660155,6.857452,6.862634,4580.141067333333,7.09262412537967,4575.15577,4588.26092,3495.8194444444443,6.024223862718485,3489.4666666666667,3501.45,10.333333333333334,2.516611478423583,8.0,13.0,1205.7008611111112,82.5089338264825,1112.558,1269.6225,92.15567796610169,6.041090033668306,86.00847457627118,98.08474576271186,50.00274011299435,1.319952975311401,48.66949152542373,51.30898305084746,42.15290960451978,4.721290542750408,37.33898305084746,46.77576271186441,5013.581333333333,9.929117665479879,5003.193439999999,5022.9772,6627.443066666667,76.02428884155661,6540.1312800000005,6678.984479999999,6901.058083658854,2.208889070346846,6898.549153645833,6902.710221354167,0.0,0.0,0.0,0.0,3.709277777777778,0.053936777118455244,3.6736666666666666,3.771333333333333,0.0,0.0,0.0,0.0,39.873222222222225,1.8774569704592297,38.36266666666666,41.975166666666674,98.22697222222222,0.011633981994015954,98.21508333333333,98.23833333333333
cpu,rand,4096,16,3,6.852781,0.010859421301339886,6.846427,6.86532,9665.528193,222.69603698187862,9427.034077,9868.045548,1751.6138888888888,3.4103023380687207,1748.0166666666667,1754.8,8.333333333333334,1.1547005383792515,7.0,9.0,999.4314166666667,176.97055078441016,795.1371666666666,1105.6369166666666,91.02381355932204,13.557796684065517,76.35889830508475,103.10169491525424,46.47485875706215,3.125970144537052,43.40330508474577,49.652542372881356,44.54889830508475,10.508905570371565,32.95550847457627,53.44915254237288,6203.524373333333,174.71083583256674,6061.69528,6398.68568,6825.465546666666,8.613857319582758,6817.01912,6834.2375999999995,6890.691455457899,11.116533610555082,6883.019368489583,6903.43994140625,0.0,0.0,0.0,0.0,6.968694444444444,0.1850405048250947,6.84425,7.181333333333333,0.0,0.0,0.0,0.0,65.38022222222222,2.9021133886136155,62.66233333333333,68.43683333333334,98.19530555555556,0.01949721015181166,98.17416666666666,98.21258333333334
cpu,seq,4,1,3,0.302257,0.012052662610394435,0.292537,0.315743,12.633865333333333,0.4956263274245358,12.081626,13.040059,79053.625,3097.299561445954,76650.49166666667,82549.09166666666,0.0,0.0,0.0,0.0,106.73277777777777,0.5676908412188049,106.23924999999998,107.35316666666667,61.91022598870057,0.8349487937436051,61.08822033898305,62.75754237288136,47.45920903954802,0.6039385022877972,46.80084745762712,47.98754237288136,14.450932203389831,0.2762786340890699,14.28728813559322,14.769915254237288,472.78576,3.5873885829109993,469.646,476.69568000000004,630.95104,163.944939085604,441.71192,729.9705600000001,304.334016140408,11.971092437144899,294.7616896158854,317.75643888346355,0.0,0.0,0.0,0.0,0.005277777777777778,0.0014914881954065336,0.004,0.006916666666666667,0.0,0.0,0.0,0.0,0.38425,0.007542011962629339,0.3766666666666667,0.39175,36.49263888888889,1.754510707222747,34.466833333333334,37.525333333333336
cpu,seq,4,2,3,0.4926956666666667,0.01719225128752291,0.472874,0.503555,15.498510333333334,0.5529358724276566,15.151067,16.136129,128854.38888888889,4442.729977089383,123725.1,131494.175,1.0,0.0,1.0,1.0,204.13783333333333,0.49281420462256176,203.6825,204.66108333333332,115.9082768361582,3.3469610362544597,113.58372881355932,119.74440677966102,86.23279661016949,3.779531322354911,83.78110169491525,90.58542372881355,29.675480225988704,0.4661165662753413,29.15898305084746,30.06483050847458,879.7029066666666,274.91948757074124,720.4496800000001,1197.152,1156.69744,3.016919219071032,1153.30512,1159.07984,495.6381629503038,17.318335769186533,475.66857592773437,506.53753255208335,0.0,0.0,0.0,0.0,0.009972222222222223,4.811252243246952e-05,0.009916666666666666,0.01,0.0,0.0,0.0,0.0,0.8418611111111112,0.03504058493508051,0.8019166666666667,0.8674166666666667,72.77497222222223,4.973381836457339,67.63858333333333,77.56750000000001
cpu,seq,4,4,3,0.842708,0.017198234880359063,0.823895,0.857622,18.115388333333332,0.37090611999579265,17.792707,18.520612,219929.21944444443,4419.189375344996,215330.14166666666,224143.33333333334,1.0,0.0,1.0,1.0,399.3979444444444,0.6126787796529362,398.69483333333335,399.8173333333333,232.8370338983051,1.410947718055243,231.3135593220339,234.09881355932202,162.72254237288135,2.7430372576785076,160.4614406779661,165.77398305084748,70.11454802259887,3.2195486121231287,67.32483050847458,73.63745762711864,1458.1385866666665,38.088859103130645,1414.4076799999998,1484.062,1785.2443466666666,315.2119444461947,1443.87968,2065.29392,848.586535047743,17.148895311646218,829.7377040201823,863.2669744466145,0.0,0.0,0.0,0.0,0.01,8.33333333333337e-05,0.009916666666666666,0.010083333333333333,0.0,0.0,0.0,0.0,1.657361111111111,0.010933617035614449,1.6475833333333334,1.6691666666666665,88.30983333333333,1.1106071381356097,87.28633333333333,89.49074999999999
cpu,seq,4,8,3,1.4383730000000001,0.008199046712880654,1.433364,1.447835,21.223509333333332,0.12076587101219101,21.084202,21.298594,376631.67222222226,2225.6478359671705,375035.43333333335,379174.075,4.666666666666667,0.5773502691896257,4.0,5.0,783.0956111111111,2.176480022200239,781.1205000000001,785.429,447.03138418079095,4.233010693836902,444.1101694915254,451.8858474576271,297.07350282485874,2.1553544978927928,294.59322033898303,298.4916949152542,149.9578813559322,3.592260284079916,146.6064406779661,153.75025423728812,2814.4938666666667,63.22646813516426,2773.0581599999996,2887.2684,3573.3987733333333,25.85525271461379,3546.1969599999998,3597.6552,1448.1564383409288,6.826975936518008,1443.68388671875,1456.0145298665366,0.0,0.0,0.0,0.0,0.010055555555555555,0.00012729376930432906,0.009916666666666666,0.010166666666666666,0.0,0.0,0.0,0.0,3.3809444444444443,0.04645146311932412,3.3280833333333333,3.41525,96.07394444444445,0.05956330277139513,96.00933333333334,96.12666666666668
cpu,seq,4,16,3,1.9836586666666667,0.00795774417365462,1.977025,1.992482,30.776878,0.12292669384230556,30.640888,30.880101,518676.9,1778.340385744348,517368.00833333336,520701.6,10.666666666666666,3.0550504633038935,8.0,14.0,1396.293027777778,1.142983988579099,1394.9740833333335,1396.99375,873.468813559322,2.9355442623721077,870.9105932203389,876.673813559322,533.8685593220339,1.6095603508801828,532.0593220338983,535.1415254237288,339.60016949152543,3.4022900723310885,335.76898305084745,342.26881355932204,8058.986453333334,133.67847661567234,7924.650960000001,8191.99808,7049.183093333333,143.4042354856644,6895.026639999999,7178.62176,1996.3068901909721,5.9773009248400895,1991.0853515625,2002.8265950520833,0.0,0.0,0.0,0.0,0.010083333333333333,8.333333333333283e-05,0.01,0.010166666666666666,0.0,0.0,0.0,0.0,5.317916666666667,0.020302059282523748,5.29725,5.337833333333333,101.49249999999999,3.285390324350117,97.72833333333332,103.78333333333333
cpu,seq,4,32,3,2.489691,0.02236046459714096,2.471188,2.514538,49.03473866666666,0.438909247506057,48.547633,49.399483,651435.338888889,5160.407957201229,646679.6,656922.3916666667,24.666666666666668,1.1547005383792515,24.0,26.0,2275.1124166666664,34.28011756298306,2241.27225,2309.8161666666665,1450.301129943503,16.57882920397526,1431.2876271186442,1461.7372881355932,797.3839830508475,5.7965111393810185,791.017372881356,802.3559322033898,652.9171468926554,10.953434827410916,640.2702542372881,659.3813559322034,10784.531573333334,597.9849606857456,10348.81392,11466.285440000001,10016.652826666666,79.7200992683914,9925.66952,10074.26152,2507.4238440212675,22.06747318874715,2488.80546875,2531.799233886719,0.0,0.0,0.0,0.0,0.010138888888888888,4.8112522432468525e-05,0.010083333333333333,0.010166666666666666,0.0,0.0,0.0,0.0,8.599833333333333,0.16402879151065078,8.472166666666666,8.784833333333333,100.20280555555556,3.360694899964606,98.24258333333334,104.08333333333333
cpu,seq,8,16,3,3.916560666666667,0.0789645813028433,3.825935,3.970571,31.185486333333333,0.6413543748773639,30.744934,31.921292,512531.68611111114,10696.09271245792,500274.875,519977.0333333333,13.333333333333334,1.5275252316519468,12.0,15.0,1460.4021944444446,10.031319987756014,1449.1018333333338,1468.2555,862.5084745762712,2.977653051660756,859.7966101694915,865.6949152542373,551.7570621468926,6.547290751378675,544.2033898305085,555.8050847457627,310.75141242937855,9.339737939488492,304.53389830508473,321.49152542372883,9834.144293333333,753.1854537181289,8967.72192,10332.720079999997,9313.600453333334,52.561541731138355,9270.83656,9372.280560000001,3945.3017232259117,78.61914021441868,3854.8845052083334,3997.5469665527344,0.0,0.0,0.0,0.0,0.01011111111111111,4.8112522432468525e-05,0.010083333333333333,0.010166666666666666,0.0,0.0,0.0,0.0,6.0424999999999995,0.07596271015000197,5.954833333333334,6.088833333333333,101.91280555555556,3.1884309101784623,98.25583333333334,104.11008333333334
cpu,seq,16,16,3,6.715033666666667,0.005643642115986219,6.709058,6.720273,36.36090933333333,0.032037490137860516,36.32908,36.393151,439153.9972222222,690.3739787815723,438480.0,439859.6583333333,17.333333333333332,1.1547005383792515,16.0,18.0,1552.286861111111,5.457841621830166,1548.1736666666666,1558.4785833333333,795.438813559322,14.659380075910333,778.5970338983051,805.3305084745763,567.7335875706215,13.79884139506345,555.3682203389831,582.6186440677966,227.70522598870056,8.205137047934691,222.71186440677965,237.175,12544.57848,1802.4364196532897,10583.90984,14129.57048,12897.190826666667,598.2338928547451,12223.72936,13367.041919999998,6764.340089979383,5.443607470166294,6758.795442708333,6769.676692708334,0.0,0.0,0.0,0.0,0.019944444444444445,4.811252243246752e-05,0.01991666666666667,0.02,0.0,0.0,0.0,0.0,7.88875,0.1159763206195325,7.790083333333333,8.0165,102.11447222222222,3.2513454910720907,98.38175,104.32916666666667
cpu,seq,32,16,3,6.9052956666666665,0.00012902067017885757,6.905168,6.905426,70.71101233333333,0.0013143045055599128,70.709682,70.71231,225809.09722222222,234.96094789780403,225616.20833333334,226070.775,17.666666666666668,2.516611478423583,15.0,20.0,1583.5305277777777,0.4545977032050053,1583.0211666666667,1583.8950833333333,326.2222033898305,3.0779909081636996,323.03389830508473,329.17652542372883,224.19387005649716,0.6073700750156514,223.64406779661016,224.84584745762712,102.02833333333334,2.487517868773454,99.38983050847457,104.3306779661017,952.5378400000001,68.88854686448833,895.35096,1029.01528,1158.7932533333335,320.1173097535573,794.37536,1394.6192800000001,6955.557060248481,1.8842693749336559,6953.459408528646,6957.10625,0.0,0.0,0.0,0.0,0.059277777777777776,4.811252243247153e-05,0.05925,0.059333333333333335,0.0,0.0,0.0,0.0,12.655555555555555,0.03327592278265198,12.620833333333334,12.687166666666666,98.36733333333333,0.02788854304787944,98.33591666666666,98.38916666666667
cpu,seq,64,16,3,6.9218383333333335,0.00020328879293609388,6.921716,6.922073,141.08400066666667,0.004141386281588819,141.07922,141.086491,113059.15277777778,163.2404681438197,112910.175,113233.65,13.333333333333334,0.5773502691896257,13.0,14.0,1432.6162777777777,73.82169454871637,1347.3745,1475.38575,183.01717514124294,3.607777138949196,179.04237288135593,186.08474576271186,126.4822033898305,2.7121534538754606,123.36440677966101,128.29661016949152,56.53497175141243,1.1094637468666628,55.67796610169491,57.78813559322034,3681.9973333333332,2781.2700852741214,470.82935999999995,5329.575039999999,5091.505413333332,3719.6097183535594,796.5706400000001,7264.4272,6972.445666585287,0.5100682160627319,6972.1359375,6973.034375,0.0,0.0,0.0,0.0,0.1264722222222222,0.0002405626121623496,0.12633333333333333,0.12675,0.0,0.0,0.0,0.0,14.01225,0.0340417431659685,13.985833333333334,14.050666666666666,102.13947222222222,3.2713197837134174,98.38000000000001,104.3375
cpu,seq,128,16,3,6.931754333333333,0.00014935974468812104,6.931586,6.931871,281.764272,0.006201837469670688,281.759376,281.771246,56495.03611111111,165.92970929259963,56352.941666666666,56677.39166666667,14.666666666666666,1.5275252316519468,13.0,16.0,1288.373361111111,80.94022488683527,1231.3004166666667,1381.0060833333332,113.745395480226,1.523181865630841,112.76271186440678,115.5,77.8085593220339,0.147005028182135,77.64601694915254,77.9322033898305,35.936836158192094,1.4274109098583656,34.91525423728814,37.567796610169495,2283.2143466666666,3349.9422520160074,327.8368,6151.3160800000005,3109.06448,3447.7633301697533,1063.2035200000003,7089.68184,6978.391814480252,1.982446575577057,6976.529888590495,6980.476041666667,0.0,0.0,0.0,0.0,0.25630555555555556,0.001106588015946789,0.25566666666666665,0.25758333333333333,0.0,0.0,0.0,0.0,14.658972222222223,0.011753939449928315,14.645416666666668,14.666333333333334,100.23505555555556,3.305384527905157,98.31258333333334,104.05175
cpu,seq,256,16,3,6.936777333333334,0.0005338841946836903,6.936161,6.937097,563.1204153333333,0.0433787141618108,563.094477,563.170494,28318.194444444445,67.97714553300075,28242.666666666668,28374.466666666667,13.0,2.0,11.0,15.0,1221.4939444444444,81.30346071305314,1129.85125,1284.9636666666665,80.89158192090396,1.1481743759911505,79.61211864406779,81.83220338983051,55.82296610169492,0.5305001420800106,55.40220338983051,56.418898305084745,25.06861581920904,0.7484600744214546,24.209915254237288,25.58262711864407,3359.1926933333334,10.067337850402291,3348.4323999999997,3368.3824800000007,4081.7239999999997,121.21940849093741,3942.01616,4159.02336,6986.851120741102,0.5745513309057537,6986.404166666666,6987.49919555664,0.0,0.0,0.0,0.0,0.5341111111111111,0.001018350154434628,0.533,0.535,0.0,0.0,0.0,0.0,14.969027777777777,0.010568011656427553,14.958916666666665,14.98,98.3608611111111,0.0066459748330491356,98.35333333333332,98.36591666666666
cpu,seq,512,16,3,6.938853666666667,3.496188400748214e-05,6.938832,6.938894,1125.9030533333332,0.005525561721074683,1125.896677,1125.906438,14165.466666666667,33.773539116362876,14127.433333333332,14191.95,11.666666666666666,1.1547005383792515,11.0,13.0,1135.3980555555554,125.86392760455225,1018.1878333333333,1268.4212499999999,63.87570621468927,0.1423964198997594,63.720338983050844,64.0,44.4774011299435,0.24828242699501296,44.19491525423729,44.66101694915254,19.398305084745765,0.3559322033898307,19.14406779661017,19.805084745762713,2943.77128,909.6923611621643,1893.66128,3491.0058400000003,5160.57224,319.94222073529204,4791.55792,5360.387839999999,6990.532343234592,0.760917976972611,6989.717863037109,6991.225,0.0,0.0,0.0,0.0,1.0708055555555556,0.0001272937693042422,1.0706666666666669,1.0709166666666667,0.0,0.0,0.0,0.0,15.13338888888889,0.0006988747569662626,15.132583333333335,15.133833333333333,100.37086111111111,3.4446076118386855,98.37175,104.34833333333333
cpu,seq,1024,16,3,6.876706,0.006979242437399781,6.868671,6.881261,2272.1543416666664,2.309129438633123,2270.647122,2274.81276,7000.388888888889,4.930787162009248,6995.125,7004.9,10.333333333333334,1.5275252316519468,9.0,12.0,1192.0668055555554,58.54633618033852,1129.2573333333332,1245.1256666666668,88.46350282485875,4.5488670132340525,83.2457627118644,91.59542372881356,44.75426553672317,2.1891638316087847,42.45762711864407,46.81720338983051,43.70923728813559,2.9096866214898864,40.78813559322034,46.607372881355936,3620.819813333333,756.3756644929091,2893.55912,4403.285519999999,6131.121253333333,140.26624872410275,5976.723599999999,6250.69512,6919.307948404948,4.317619430719572,6914.858333333334,6923.4801983235675,0.0,0.0,0.0,0.0,2.09475,0.006652589303755705,2.087083333333333,2.0989999999999998,0.0,0.0,0.0,0.0,24.871166666666667,2.421943367135391,22.141416666666665,26.7625,98.262,0.04940668814374995,98.21591666666667,98.31416666666668
cpu,seq,2048,16,3,6.862564666666667,0.014132252698467388,6.846362,6.872347,4575.895167666667,3.149410218748703,4572.33772,4578.327504,3505.863888888889,8.60144260079761,3498.3416666666667,3515.241666666667,10.666666666666666,2.0816659994661326,9.0,13.0,1154.76175,81.41627938427168,1088.5140833333332,1245.65275,88.00920903954803,9.184793423413314,81.73050847457628,98.55084745762711,48.40683615819209,3.545609794857528,46.28372881355932,52.5,39.602344632768364,5.68888578511719,35.293644067796606,46.05084745762712,5186.326053333333,336.33321330822395,4915.53232,5562.810239999999,6690.552106666666,45.882664181153906,6652.3215199999995,6741.43272,6900.552175591362,13.17275614886615,6885.535439534505,6910.156905517578,0.0,0.0,0.0,0.0,3.7403055555555556,0.06495732217158971,3.666916666666667,3.7904166666666668,0.0,0.0,0.0,0.0,40.57875,0.2990183360226871,40.27633333333333,40.874249999999996,98.19563888888888,0.013802509165340319,98.18258333333333,98.21008333333333
cpu,seq,4096,16,3,6.840582,0.007361074581880184,6.833532,6.848219,9484.201095333334,94.15610448232752,9382.130304,9567.663905,1745.4916666666668,3.2514526668006,1742.6583333333333,1749.0416666666667,11.666666666666666,2.0816659994661326,10.0,14.0,1227.8773055555555,16.036383220043618,1218.3825,1246.3925000000002,102.7680790960452,1.654140931162594,101.0756779661017,104.38110169491524,47.88985875706215,1.150521503268783,46.5721186440678,48.69491525423729,54.878220338983056,0.9689492416345258,54.152542372881356,55.9785593220339,6283.520453333333,85.04417879615609,6185.422799999999,6336.4616,6841.031493333333,19.273603279151825,6823.3376,6861.56888,6881.609079237196,4.203526717738853,6879.166061360677,6886.462858072917,0.0,0.0,0.0,0.0,6.709638888888889,0.05928077806631868,6.662166666666667,6.776083333333333,0.0,0.0,0.0,0.0,60.89805555555556,1.706565126238256,59.15775,62.56875,98.24172222222222,0.05567267515809511,98.20666666666666,98.30591666666666
gds,rand,4,1,3,0.24501533333333333,0.0077884458869105075,0.236096,0.250472,15.579646666666667,0.5036389717648286,15.229942,16.156907,63989.416666666664,2158.8385887214413,61523.00833333333,65536.0,0.0,0.0,0.0,0.0,109.98230555555554,1.629488992695208,108.44533333333331,111.69075,65.49355932203389,1.884643325773741,64.37610169491525,67.66949152542372,48.75723163841808,2.8779807454226747,46.95364406779661,52.07627118644068,16.73627118644068,1.0050108298770064,15.59322033898305,17.481355932203392,495.14520000000005,154.66881105151614,405.64056000000005,673.7412,464.7302666666667,150.10456758288115,377.58632,638.0552,243.6097953830295,8.31652822379069,234.12001114908853,249.628515625,0.0,0.0,0.0,0.0,0.00975,0.0,0.00975,0.00975,0.0,0.0,0.0,0.0,0.4041388888888889,0.014875953128505126,0.38716666666666666,0.41491666666666666,38.3045,0.8890139200260023,37.311,39.025
gds,rand,4,2,3,0.45478566666666664,0.007484526526997783,0.446169,0.459671,16.778336,0.27889801730919506,16.596854,17.099473,118700.73333333334,1779.5278315703085,116646.36666666667,119765.36666666667,1.0,0.0,1.0,1.0,208.90247222222223,1.0652523218746228,207.70141666666666,209.73291666666668,129.48070621468926,2.190583246048071,127.82000000000001,131.96338983050848,97.78559322033898,1.0690813934657366,96.83101694915254,98.94076271186441,31.695112994350282,1.1504415559792802,30.988983050847455,33.02262711864407,981.8945600000001,280.1761390480724,658.3768,1144.58248,926.5872,268.8706863337719,616.1241600000001,1082.8044,451.7319506835937,6.819236800160661,443.85791015625,455.7090317382812,0.0,0.0,0.0,0.0,0.009888888888888888,4.8112522432468525e-05,0.009833333333333333,0.009916666666666666,0.0,0.0,0.0,0.0,0.7644166666666667,0.01805777764104247,0.7435833333333334,0.7755833333333334,66.28566666666666,1.0343745728431484,65.17666666666666,67.22425
gds,rand,4,4,3,0.7797016666666666,0.03648553146568285,0.756168,0.821731,19.597568666666668,0.8934662318041644,18.568797,20.179063,203665.73055555555,9809.122595352143,197738.325,214988.15833333333,1.6666666666666667,0.5773502691896257,1.0,2.0,403.0107777777778,1.9666077980831713,400.7538333333333,404.35650000000004,252.75991525423728,2.399640038420404,250.00389830508473,254.38601694915255,190.02279661016948,0.5721247448263664,189.44915254237287,190.59338983050847,62.73711864406779,2.411292973684679,59.978050847457624,64.44067796610169,1919.1328533333333,62.95496726651921,1859.6696000000002,1985.0779999999997,1855.7362666666668,49.920318103495035,1803.36976,1902.78456,775.3138780381945,36.67311591830976,753.9847005208334,817.6599609375,0.0,0.0,0.0,0.0,0.009888888888888888,4.8112522432468525e-05,0.009833333333333333,0.009916666666666666,0.0,0.0,0.0,0.0,1.516861111111111,0.03145370642942014,1.4978333333333333,1.5531666666666666,84.12527777777778,2.59522964266134,82.53333333333333,87.11999999999999
gds,rand,4,8,3,1.2794716666666666,0.005489765416967514,1.273951,1.28493,23.853337,0.10243951003885056,23.75127,23.956145,334384.5055555556,1306.078460675247,333253.75,335814.10833333334,3.0,1.0,2.0,4.0,784.43,1.6279346343177115,782.6226666666666,785.78125,501.74782485875704,6.1815257155402765,494.97474576271185,507.08508474576274,363.2384463276836,3.7107403349182975,358.9612711864407,365.598220338983,138.50937853107345,3.064201604535127,136.0134745762712,141.9292372881356,3485.1078933333333,59.24645773473804,3419.7527200000004,3535.29744,3296.3389866666666,56.46125515121031,3233.057680000001,3341.562,1273.5986247558594,5.06321862127746,1269.348139404297,1279.200390625,0.0,0.0,0.0,0.0,0.01,8.33333333333337e-05,0.009916666666666666,0.010083333333333333,0.0,0.0,0.0,0.0,2.9121944444444448,0.06772443825560356,2.8546666666666667,2.9868333333333337,93.52247222222222,0.13811554978565413,93.36366666666666,93.61458333333333
gds,rand,4,16,3,1.7082816666666667,0.009420987757837932,1.700196,1.718627,35.726963,0.196462058344609,35.511778,35.896756,446418.1138888889,2723.582966174209,444717.4083333333,449559.45,11.333333333333334,2.0816659994661326,9.0,13.0,1437.6738055555556,1.676837322190986,1436.3551666666667,1439.5610000000001,1010.0647457627118,1.0426581392785297,1008.8630508474575,1010.7294915254238,699.3653672316384,3.888121430726906,695.3838983050848,703.1528813559321,310.6993785310735,2.9661819666297173,307.5766101694915,313.4791525423729,7688.580186666667,78.31121032342043,7615.92872,7771.531760000001,6655.655813333334,27.237799862435878,6625.110320000001,6677.41912,1700.0428430447048,10.298720511750727,1693.9143206380209,1711.932893391927,0.0,0.0,0.0,0.0,0.009916666666666666,0.0,0.009916666666666666,0.009916666666666666,0.0,0.0,0.0,0.0,4.378472222222222,0.01544756663085861,4.361916666666667,4.3925,96.3026388888889,0.20790576680402642,96.07025,96.471
gds,rand,4,32,3,2.1235530000000002,0.00831540516150602,2.115822,2.13235,57.50496,0.2218949408098345,57.264308,57.701459,555275.2111111111,2255.3394658924562,553170.575,557655.85,35.666666666666664,0.5773502691896257,35.0,36.0,2586.604861111111,22.590480840379083,2560.55975,2600.8799999999997,1965.615988700565,20.291443410400674,1942.8277966101693,1981.7288135593221,1244.5933333333335,12.718987425327327,1232.4541525423729,1257.822033898305,721.0226553672317,20.40993512847784,699.3240677966102,739.8371186440678,11276.5392,85.70104039138876,11177.85392,11332.25208,9692.870133333332,101.08150685576811,9623.95632,9808.90912,2115.38178781467,9.61673320558486,2105.906073079427,2125.13359375,0.0,0.0,0.0,0.0,0.009916666666666666,0.0,0.009916666666666666,0.009916666666666666,0.0,0.0,0.0,0.0,6.367444444444445,0.038544917280338535,6.343666666666667,6.4119166666666665,96.98086111111111,0.09588007314309824,96.87175,97.05166666666668
gds,rand,8,16,3,3.3368246666666668,0.019528683169464746,3.317345,3.356402,36.58225366666667,0.21456246655073127,36.36795,36.797074,436659.18611111114,2470.8469184889823,434082.5333333333,439008.51666666666,12.0,2.6457513110645907,9.0,14.0,1470.3020555555556,2.2065848067226344,1468.0525,1472.463,990.5885028248588,6.705014445792053,982.8728813559322,995.0022881355933,704.8192937853107,9.271172216831845,694.2033898305085,711.3237288135593,285.769209039548,3.0626518914584984,282.5666101694915,288.6694915254237,10090.109813333334,191.9287824613342,9956.134800000002,10309.985120000001,9123.397013333333,122.36720744393753,8995.23768,9239.00456,3325.551231391059,19.211877141084504,3305.8108723958335,3344.186962402344,0.0,0.0,0.0,0.0,0.009916666666666666,0.0,0.009916666666666666,0.009916666666666666,0.0,0.0,0.0,0.0,4.961611111111111,0.04826549357843952,4.9087499999999995,5.003333333333333,97.00725,0.03655256868918983,96.96583333333334,97.03500000000001
gds,rand,16,16,3,6.010303666666666,0.10528572659830612,5.918675,6.125315,40.629402,0.7048746307599654,39.862219,41.24841,393352.86666666664,6821.909056045684,387388.80833333335,400791.4583333333,15.333333333333334,1.1547005383792515,14.0,16.0,1534.5246111111112,6.466395979264429,1527.3699166666668,1539.9518333333333,926.2107062146893,10.86887968830843,913.6694915254237,932.8948305084746,701.5735593220339,14.379587766217117,686.5847457627119,715.2545762711864,224.63714689265535,6.149931747771699,217.64025423728813,229.1864406779661,13739.474586666667,74.60447807283906,13659.737839999998,13807.58064,12742.408053333333,17.126763950605167,12722.696719999998,12753.650639999998,5989.342475423177,103.98571507191403,5898.0861153971355,6102.551987955729,0.0,0.0,0.0,0.0,0.01963888888888889,4.811252243246752e-05,0.019583333333333335,0.019666666666666666,0.0,0.0,0.0,0.0,6.464888888888889,0.15541182595976433,6.316416666666667,6.626416666666667,97.33005555555556,0.024503448358986425,97.31508333333333,97.35833333333333
gds,rand,32,16,3,6.904943333333334,5.272886622486292e-05,6.904888,6.904993,70.70841733333333,9.728480525464202e-05,70.708305,70.708474,225885.57222222222,162.53663269428165,225705.16666666666,226020.59166666667,16.666666666666668,2.0816659994661326,15.0,19.0,1571.2235277777777,1.5907896391182452,1569.4195833333333,1572.4254166666667,408.3900564971751,6.580608183149639,400.8050847457627,412.5769491525424,297.43830508474576,5.160247049529738,291.5169491525424,300.97457627118644,110.95175141242937,1.7368400028332853,109.28813559322033,112.7535593220339,1112.2905066666667,70.63506994838555,1056.8586400000002,1191.82144,1024.9863466666666,82.6925382658758,966.99528,1119.67688,6880.757656928168,2.553590136351129,6877.8109375,6882.322973388672,0.0,0.0,0.0,0.0,0.04875,0.0,0.04875,0.04875,0.0,0.0,0.0,0.0,11.815027777777777,0.07425450478914664,11.770583333333333,11.900749999999999,97.30894444444444,0.035952354015545585,97.2675,97.33175
gds,rand,64,16,3,6.921035333333333,0.0005008156680188234,6.920461,6.921381,141.087346,0.010436907635879929,141.080306,141.099337,113143.56944444445,69.99286984189143,113062.93333333333,113188.61666666667,15.333333333333334,1.5275252316519468,14.0,17.0,1455.6876666666667,21.020781490355667,1439.7370833333332,1479.50775,219.11675141242938,2.4623259643955073,217.57372881355934,221.9564406779661,154.88516949152543,1.3643668169745082,153.9699152542373,156.45330508474578,64.23166666666667,1.1301937035846261,63.34152542372882,65.50322033898306,675.1837333333333,43.33554632912487,648.19952,725.1704799999999,768.3103466666666,71.8561170220527,694.65112,838.21624,6893.071180555556,4.426523259098535,6888.216666666666,6896.883854166666,0.0,0.0,0.0,0.0,0.11699999999999999,0.0,0.11699999999999999,0.11699999999999999,0.0,0.0,0.0,0.0,13.578472222222222,0.018608975831073644,13.55725,13.592,97.25638888888889,0.06716652881155152,97.185,97.31833333333334
gds,rand,128,16,3,6.931240333333333,0.0001369172499480377,6.93111,6.931383,281.7510453333333,0.0019497010881806224,281.749183,281.753072,56606.180555555555,78.71426232006938,56546.64166666667,56695.425,11.333333333333334,1.1547005383792515,10.0,12.0,1311.5608055555554,76.72270840475235,1245.7682499999999,1395.8368333333333,133.18562146892654,0.8665169504924575,132.45762711864407,134.14406779661016,90.2375988700565,0.19117900900129034,90.07720338983052,90.44915254237289,42.948022598870054,0.7144451471156454,42.271186440677965,43.69491525423729,443.25450666666666,18.35277064281394,431.37456,464.39232,1193.30408,6.799129465689113,1188.1191999999999,1201.0020000000002,6900.388019124349,8.033391609761692,6895.38176570638,6909.654166666666,0.0,0.0,0.0,0.0,0.2534166666666667,8.333333333332416e-05,0.25333333333333335,0.2535,0.0,0.0,0.0,0.0,14.378694444444445,0.019728070337953072,14.362083333333334,14.4005,97.2136388888889,0.11241046848904174,97.14425,97.34333333333333
gds,rand,256,16,3,6.9365179999999995,2.651414716724748e-05,6.936495,6.936547,563.0688046666667,0.0057757743492568665,563.062414,563.073652,28301.83611111111,37.727690550300366,28263.7,28339.141666666666,9.666666666666666,2.0816659994661326,8.0,12.0,1130.6829722222221,40.450345717374205,1104.9091666666666,1177.3043333333333,91.45533898305085,0.6223455380149828,91.03474576271186,92.17025423728813,62.67440677966102,0.3853866740531894,62.25423728813559,63.01144067796611,28.780932203389828,0.7032005309905602,28.02330508474576,29.412711864406777,349.19405333333333,35.38392140405773,322.5128,389.33216000000004,3192.1458666666667,134.3997140050365,3037.0887200000006,3275.26408,6896.324044270833,9.904100929339714,6886.79375,6906.563799479166,0.0,0.0,0.0,0.0,0.5168611111111111,0.00019245008972985407,0.51675,0.5170833333333333,0.0,0.0,0.0,0.0,14.745611111111112,0.023650424786726014,14.7255,14.771666666666667,97.08169444444445,0.1398518644190422,96.94666666666667,97.22591666666668
gds,rand,512,16,3,6.937894333333333,0.0006230219364784858,6.937178,6.93831,1125.8872353333334,0.06530403149371783,1125.844812,1125.962436,14151.375,16.03434681481512,14133.108333333334,14163.125,11.0,3.0,8.0,14.0,1078.9081944444445,112.14975544585376,968.4839166666667,1192.70725,72.65621468926554,0.4804840615964704,72.10169491525424,72.94915254237289,49.52683615819209,0.216157077205995,49.313559322033896,49.74576271186441,23.129350282485877,0.3108792972683703,22.78813559322034,23.396525423728814,360.6688266666667,30.314589293825716,341.35896,395.60856,5723.547573333333,249.46235366963862,5440.35096,5910.766320000001,6899.6642876790365,9.278913532293249,6890.001196370443,6908.504166666667,0.0,0.0,0.0,0.0,1.0523333333333333,0.0004639803635691772,1.0518333333333334,1.05275,0.0,0.0,0.0,0.0,14.949416666666666,0.023619083621323842,14.926583333333333,14.973749999999999,97.10752777777778,0.12479289324197695,96.97841666666666,97.22749999999999
gds,rand,1024,16,3,6.845089333333333,0.005855773675043606,6.840512,6.851688,2282.1348036666664,1.8903711592923866,2280.000346,2283.597723,6966.694444444444,15.5071317225096,6949.575,6979.8,9.0,1.0,8.0,10.0,959.7555555555555,43.72754905673609,934.1431666666666,1010.246,79.60296610169492,2.8164338096086925,76.45110169491525,81.87288135593221,44.926836158192096,0.9319768959568357,44.258813559322036,45.99152542372882,34.676073446327685,2.151406807657458,32.19220338983051,35.95466101694915,669.5587733333333,55.08990077547536,614.8962400000001,725.0663199999999,6346.393759999999,130.22896751817964,6249.29904,6494.384799999999,6797.0767181803385,18.397256773374348,6778.996039632161,6815.775,0.0,0.0,0.0,0.0,2.1159444444444446,0.002791770313167228,2.1129166666666666,2.1184166666666666,0.0,0.0,0.0,0.0,17.91525,1.3551541220261418,16.70325,19.378416666666666,96.95422222222221,0.18671428584079225,96.76008333333333,97.1325
gds,rand,2048,16,3,6.868935333333333,0.008476872084285056,6.86062,6.877565,4589.949578666667,8.815338381767454,4581.040118,4598.667679,3495.05,1.7468423893795135,3493.2083333333335,3496.6833333333334,10.666666666666666,0.5773502691896257,10.0,11.0,1054.7782777777777,118.20651812882902,970.8224166666666,1189.9567499999998,95.71751412429379,9.195849883504945,86.77118644067797,105.14406779661017,53.4590395480226,3.5266262956008156,50.3771186440678,57.30508474576271,42.25847457627118,5.727736898626793,36.394067796610166,47.83898305084746,3945.5542133333333,213.8586036131993,3807.6181600000004,4191.908079999999,6598.82848,71.26241337609602,6527.84104,6670.36272,6819.513179714627,1.606876609514119,6817.954467692058,6821.16423811849,0.0,0.0,0.0,0.0,3.7979166666666666,0.04564932760853237,3.7454166666666664,3.8282499999999997,0.0,0.0,0.0,0.0,32.61080555555556,2.8065455564889974,30.745583333333332,35.838499999999996,96.93061111111112,0.10948396424100872,96.80916666666667,97.02175000000001
gds,rand,4096,16,3,6.845151666666666,0.002514944200838863,6.842276,6.84694,9774.405575333334,108.8228908080258,9698.88689,9899.142603,1745.2972222222222,6.079007213657868,1740.675,1752.1833333333334,8.666666666666666,0.5773502691896257,8.0,9.0,941.8744722222223,39.30628504497769,910.0845833333333,985.8235833333333,97.61005649717514,1.6527362127369551,95.76279661016949,98.94872881355933,53.16070621468926,0.8795441218064891,52.52542372881356,54.16457627118644,44.449350282485874,1.3429450991416685,42.9706779661017,45.59322033898305,6199.713253333333,75.48184752623197,6113.40592,6253.392720000001,6749.994639999999,38.547187232191,6708.232639999999,6784.211199999999,6794.6356299370655,10.041301093816932,6785.089680989583,6805.108066813151,0.0,0.0,0.0,0.0,6.942861111111111,0.09101061954722875,6.872,7.0455000000000005,0.0,0.0,0.0,0.0,53.42969444444444,1.3104177247831768,52.025333333333336,54.619749999999996,96.90058333333333,0.13998132315895698,96.75,97.02674999999999
gds,seq,4,1,3,0.2679046666666667,0.011344404185911788,0.261155,0.281002,14.255427666666666,0.5892015284444991,13.575197,14.606639,69923.53888888888,2848.5004716947738,68157.6,73209.64166666666,0.0,0.0,0.0,0.0,110.05058333333332,1.9515233526231195,108.84249999999999,112.302,72.82940677966101,0.6921534463381671,72.05084745762711,73.37508474576272,55.276610169491526,2.3535014789529023,52.847457627118644,57.54635593220339,17.55279661016949,1.87383030449787,15.51593220338983,19.203389830508474,542.3732533333333,166.67972808529456,443.60303999999996,734.81592,507.47488,163.0316107129362,411.04128,695.7085599999999,265.55839425998266,11.67653804875828,258.4445187174479,279.03430989583336,0.0,0.0,0.0,0.0,0.00525,0.0005,0.004750000000000001,0.005750000000000001,0.0,0.0,0.0,0.0,0.34075,0.0065685487996461666,0.3368333333333334,0.34833333333333333,31.612416666666668,0.5093125336612532,31.234750000000002,32.19166666666667
gds,seq,4,2,3,0.466784,0.006675284563222758,0.459232,0.471896,16.346516,0.23519864716660246,16.167319,16.612848,121951.77222222222,1742.6711216256956,119977.01666666666,123274.05,0.6666666666666666,0.5773502691896257,0.0,1.0,206.44338888888888,2.530033783718961,203.94508333333332,209.004,129.24129943502825,2.00632096748539,127.02322033898305,130.92949152542374,94.99745762711865,1.4410923731003888,93.62711864406779,96.50016949152543,34.243841807909604,3.2225456549040867,30.523050847457625,36.144067796610166,811.1699733333334,291.1292637426484,640.5004,1147.32376,763.9898933333333,276.98623909361936,601.97864,1083.8168799999999,463.8968078613281,6.493941918181982,456.55306892903644,468.8814627278646,0.0,0.0,0.0,0.0,0.009888888888888888,4.8112522432468525e-05,0.009833333333333333,0.009916666666666666,0.0,0.0,0.0,0.0,0.7691944444444445,0.01251369620026766,0.7580833333333333,0.7827500000000001,61.02872222222222,2.5803621654900715,59.35191666666666,64.00008333333334
gds,seq,4,4,3,0.7203506666666667,0.010598820752014505,0.712052,0.73229,21.187153666666667,0.30910850412489976,20.839427,21.43075,188151.4388888889,2776.692709478376,185920.2,191261.1,1.6666666666666667,1.1547005383792515,1.0,3.0,400.2320833333333,3.1367738878681406,397.9921666666666,403.81708333333336,257.49977401129945,0.7334691142044649,256.71593220338985,258.1694915254237,185.3850847457627,1.9828886885024746,183.9843220338983,187.65398305084744,72.11468926553673,2.6437754270305036,69.06194915254238,73.65254237288136,1750.3117866666664,72.22221656514654,1700.6593599999999,1833.1640799999998,1707.8744000000002,67.14009462446704,1660.8056000000001,1784.75848,716.123003499349,10.559887010163877,707.7674266764323,727.991660888672,0.0,0.0,0.0,0.0,0.009944444444444443,4.811252243246952e-05,0.009916666666666666,0.01,0.0,0.0,0.0,0.0,1.4568055555555555,0.010538399801220755,1.4476666666666667,1.4683333333333333,80.42033333333333,0.36301263560806374,80.173,80.83708333333334
gds,seq,4,8,3,1.2818386666666668,0.016045961246785194,1.266569,1.298562,23.811163999999998,0.29887332288613605,23.500427,24.09656,334696.9666666667,4346.377044838925,330908.5333333333,339441.94166666665,2.3333333333333335,1.5275252316519468,1.0,4.0,782.1143888888889,2.9450123305878897,779.0850833333334,784.9671666666667,503.61042372881354,6.547674247898507,496.263813559322,508.8305084745763,364.2507062146893,5.839438207846849,358.9612711864407,370.5169491525424,139.3597175141243,2.734693246271275,137.30254237288136,142.46305084745762,3564.124933333333,107.64891582494899,3461.894,3676.47696,3364.445866666667,112.68982334842765,3258.9999199999997,3483.1980800000006,1274.8827489963107,15.684895163949466,1261.07646484375,1291.9375325520834,0.0,0.0,0.0,0.0,0.009888888888888888,4.8112522432468525e-05,0.009833333333333333,0.009916666666666666,0.0,0.0,0.0,0.0,2.8718055555555555,0.06045868270823326,2.827833333333333,2.94075,93.27733333333333,0.31839061439265315,93.0175,93.6325
gds,seq,4,16,3,1.7256203333333333,0.014493879823336891,1.712609,1.741242,35.37081,0.29282413482669223,35.055907,35.634906,451657.0055555556,3809.976969321385,448214.35,455750.4666666667,11.0,1.0,10.0,12.0,1436.426638888889,8.380064540130927,1428.1718333333336,1444.9265833333336,1018.5988700564972,5.8783043744991845,1014.8389830508474,1025.3728813559321,711.3813559322034,10.414861186057628,702.0084745762712,722.5932203389831,307.2175141242938,5.6488141933217495,302.77966101694915,313.5762711864407,7863.816986666667,82.68407612107491,7790.045040000001,7953.1904,6790.852506666666,72.29057481931987,6709.66784,6848.258959999999,1715.9483940972223,19.984987291329087,1695.33935546875,1735.2445963541666,4.340277777777778e-05,7.517581630073252e-05,0.0,0.00013020833333333333,0.009916666666666666,0.0,0.009916666666666666,0.009916666666666666,0.001388888888888889,0.0024056261216234406,0.0,0.004166666666666667,4.3003888888888895,0.11581445689518144,4.180583333333334,4.41175,96.13972222222223,0.4643912781903423,95.60416666666667,96.43083333333334
gds,seq,4,32,3,2.0885943333333334,0.023276301474532766,2.061724,2.102554,58.45969566666667,0.6475188095278253,58.080896,59.207364,545704.9944444444,5756.386886714347,539083.3333333334,549517.0166666667,35.0,1.0,34.0,36.0,2568.2185,31.21006887152409,2546.311,2603.9535833333334,1969.5399152542373,20.369831253636782,1949.4322033898304,1990.1621186440677,1254.4345762711864,15.308179472017143,1237.2542372881355,1266.6257627118644,715.1053389830508,7.414231477651211,709.6016949152543,723.5363559322034,11303.123520000001,130.9296874401092,11184.843600000002,11443.81088,9669.14552,95.58012491411901,9593.984719999999,9776.71664,2079.7876953125,22.157645525400696,2054.2575520833334,2094.008821614583,0.0,0.0,0.0,0.0,0.009916666666666666,0.0,0.009916666666666666,0.009916666666666666,0.0,0.0,0.0,0.0,6.136833333333334,0.11525524210782473,6.00375,6.204,96.94972222222222,0.0880827157552174,96.855,97.02916666666667
gds,seq,8,16,3,3.3553129999999998,0.05678696048389983,3.291753,3.401052,36.38836633333334,0.6180431292210368,35.896531,37.082113,439153.81944444444,7478.000798445456,430770.0,445135.75,12.333333333333334,0.5773502691896257,12.0,13.0,1462.8325000000002,6.839831830189535,1455.4005833333338,1468.8632499999999,1003.5376553672317,8.90321006714233,993.2627118644068,1008.9688983050847,709.6103672316384,15.048827098597242,692.728813559322,721.6186440677966,293.9272881355932,6.902527698166718,286.76271186440675,300.53389830508473,10408.921173333334,131.21308815443166,10309.924,10557.75024,9284.4744,133.0477818101508,9131.546,9373.64256,3343.5623631456165,55.647398857422104,3281.3919270833335,3388.7103212890624,0.0,0.0,0.0,0.0,0.009916666666666666,0.0,0.009916666666666666,0.009916666666666666,0.0,0.0,0.0,0.0,4.760833333333333,0.1163115727021371,4.638916666666666,4.870583333333333,96.93008333333333,0.06020284000314255,96.8675,96.98758333333333
gds,seq,16,16,3,6.101768666666667,0.029109093189814986,6.077123,6.133885,40.01078433333333,0.19027574361524166,39.801221,40.172726,399390.5722222222,1924.7486269917163,397823.075,401538.825,15.333333333333334,1.5275252316519468,14.0,17.0,1533.6560555555557,0.5597273414433551,1533.23575,1534.2914166666667,951.3384180790961,2.6416948803648883,948.3983050847457,953.5122881355932,722.3523163841808,5.63394377947577,716.3813559322034,727.5743220338983,228.98607344632768,3.039570892711106,225.93788135593218,232.01694915254237,14144.10096,200.030131379194,13939.20096,14338.87672,13098.499893333332,194.84273835136392,12920.7228,13306.804399999999,6080.72472539605,29.042226886649537,6056.466796875,6112.906510416667,0.0,0.0,0.0,0.0,0.01961111111111111,4.811252243246752e-05,0.019583333333333335,0.019666666666666666,0.0,0.0,0.0,0.0,6.192833333333334,0.017680026395153346,6.172666666666667,6.205666666666667,97.3308611111111,0.017890549439833744,97.31341666666667,97.34916666666666
gds,seq,32,16,3,6.904944333333334,0.000134060931420585,6.904808,6.905076,70.70767933333333,0.00039480923663469516,70.70735,70.708117,225711.92222222223,244.01704322498517,225492.89166666666,225974.94166666668,13.666666666666666,1.5275252316519468,12.0,15.0,1571.6048611111112,1.3175797528394364,1570.5056666666667,1573.0654166666666,405.83898305084745,3.4475280395455696,403.16101694915255,409.728813559322,293.40677966101697,3.6678471283215397,290.85593220338984,297.6101694915254,112.4322033898305,0.3928585419152319,112.11864406779661,112.87288135593221,1036.3579733333333,65.00441227019998,993.79368,1111.18248,954.84848,76.11993549395063,907.1828,1042.63624,6874.798263888889,7.842275733369995,6866.366927083333,6881.875,0.0,0.0,0.0,0.0,0.04875,0.0,0.04875,0.04875,0.0,0.0,0.0,0.0,11.833055555555555,0.04446607112711214,11.791333333333334,11.879833333333332,97.22361111111111,0.1103854777753957,97.105,97.32333333333332
gds,seq,64,16,3,6.921255,5.37308105281023e-05,6.921222,6.921317,141.08135433333334,0.001822479995315663,141.080021,141.083431,113057.98055555555,166.9756162199718,112900.46666666666,113233.03333333334,15.333333333333334,3.2145502536643185,13.0,19.0,1461.4320555555555,1.1759380426250394,1460.4087499999998,1462.7166666666667,218.5443220338983,1.0756844356831299,217.31093220338983,219.28813559322035,153.5124858757062,0.6931961027907425,152.71542372881353,153.97457627118644,65.03186440677966,0.3831307851193583,64.59559322033898,65.3135593220339,649.0612533333334,41.834866651238855,601.35312,679.4808800000001,803.9493066666666,133.0533689981901,669.0192,935.04296,6890.261980143229,7.149556382514369,6882.1984375,6895.826923502605,8.680555555555556e-05,0.00015035163260146504,0.0,0.00026041666666666666,0.11699999999999999,0.0,0.11699999999999999,0.11699999999999999,0.0,0.0,0.0,0.0,13.58211111111111,0.01826356674832132,13.563083333333333,13.5995,97.21225,0.10083908385806044,97.09833333333333,97.29008333333333
gds,seq,128,16,3,6.931297666666667,9.362869930380786e-05,6.93119,6.93136,281.7518586666667,0.0016271571323292276,281.749991,281.75297,56659.46111111111,19.39265742586637,56647.90833333333,56681.85,13.333333333333334,3.511884584284246,10.0,17.0,1320.1421666666668,56.34774721613401,1282.0578333333333,1384.8708333333334,132.43129943502825,0.07085989132101896,132.35322033898305,132.4915254237288,89.7940395480226,0.1859172222796179,89.67796610169492,90.00847457627118,42.63725988700565,0.14513464247064836,42.483050847457626,42.771186440677965,441.022,18.027850659953888,429.50096,461.7976,1283.4499466666668,166.8165284569863,1175.5701600000002,1475.58976,6904.0262237684465,2.5838156360938505,6902.471885009766,6907.008869628906,0.0,0.0,0.0,0.0,0.2535,0.0,0.2535,0.2535,0.0,0.0,0.0,0.0,14.382805555555557,0.0048600792555650195,14.379916666666666,14.388416666666668,97.26622222222223,0.03728012701655587,97.24358333333333,97.30925
gds,seq,256,16,3,6.936530666666667,0.00021148601214616793,6.936303,6.936721,563.0721816666667,0.0046030798747821846,563.06886,563.077436,28299.916666666668,14.805918017242114,28290.4,28316.975,10.666666666666666,1.1547005383792515,10.0,12.0,1167.2933888888888,62.277497578843565,1110.1415,1233.6679166666665,92.4071186440678,0.9716124720012325,91.38135593220339,93.3135593220339,62.86833333333333,0.8145383424895501,61.932203389830505,63.41525423728814,29.538785310734465,0.32413538597927377,29.268898305084747,29.89830508474576,433.81752000000006,222.689249392256,282.23104000000006,689.49032,2881.7653333333333,287.4607968876206,2656.6490400000002,3205.5714399999993,6897.441377875434,2.105412351149507,6895.835416666667,6899.825,0.0,0.0,0.0,0.0,0.51675,0.00014433756729739054,0.5165833333333334,0.5168333333333334,0.0,0.0,0.0,0.0,14.728277777777777,0.007706568867123067,14.719416666666666,14.733416666666667,97.09752777777777,0.03006478344680836,97.075,97.13166666666666
gds,seq,512,16,3,6.937711333333334,0.00046216916095026154,6.937315,6.938219,1125.9218996666666,0.04344668586139117,1125.87485,1125.960503,14154.6,5.882625075404857,14150.016666666666,14161.233333333334,9.666666666666666,1.5275252316519468,8.0,11.0,1054.070527777778,51.920003638164694,1002.7204166666667,1106.54225,71.98751412429378,1.4849587759639598,70.95169491525424,73.68881355932204,49.42090395480226,0.4789135438830326,49.02542372881356,49.95338983050848,22.566581920903957,1.0599630410880672,21.66771186440678,23.73542372881356,508.4899733333333,195.16330493536668,353.08824000000004,727.52888,5212.9114666666665,780.6245836104738,4313.9792800000005,5719.95736,6899.349023654514,6.7909037184537535,6892.697070963542,6906.270833333333,0.0,0.0,0.0,0.0,1.0524722222222223,0.0003367876570271805,1.0520833333333335,1.0526666666666666,0.0,0.0,0.0,0.0,14.911861111111111,0.01991201712348454,14.889,14.925416666666667,97.10641666666666,0.09622914637006033,97.01591666666667,97.2075
gds,seq,1024,16,3,6.857265666666667,0.010207044544496504,6.847239,6.867644,2278.1710966666665,3.3884460277441066,2274.750119,2281.526046,6982.283333333333,7.0036052223914265,6974.433333333333,6987.891666666666,9.333333333333334,1.1547005383792515,8.0,10.0,912.3494444444444,114.56225481868451,780.0650833333333,978.8738333333332,79.63457627118643,7.01768250742827,72.0365254237288,85.87288135593221,43.95274011299435,1.7609496046186868,41.979491525423725,45.36440677966102,35.68177966101695,5.271277002737222,30.056949152542373,40.50847457627118,560.2173866666667,148.77616085756392,406.1552,703.07384,6062.80752,410.7347054766407,5611.4454399999995,6414.61232,6811.399897949219,10.655043573765479,6799.632944661458,6820.39529703776,0.0,0.0,0.0,0.0,2.112861111111111,0.01782969848730347,2.101583333333333,2.1334166666666667,0.0,0.0,0.0,0.0,18.751555555555555,1.7646597766467103,16.773083333333332,20.163,96.99008333333333,0.17298843892006172,96.82508333333334,97.17008333333334
gds,seq,2048,16,3,6.857169,0.018358073537274935,6.836197,6.870329,4593.766158,7.849385876677612,4587.630887,4602.611483,3493.297222222222,22.065819050521732,3473.3083333333334,3516.975,8.666666666666666,1.5275252316519468,7.0,10.0,1156.2590833333334,120.225577616476,1039.8864999999998,1279.9988333333333,97.83327683615819,11.258559322140218,90.19491525423729,110.76271186440678,53.06627118644068,5.031311876204199,50.0,58.8728813559322,44.76700564971751,6.250795583568473,40.19491525423729,51.889830508474574,4082.5686666666666,148.78801480593148,3927.83264,4224.59304,6643.89488,49.84001045752758,6611.660159999999,6701.300480000001,6797.050255154079,19.124714830458046,6774.980957682292,6808.766298909505,0.0,0.0,0.0,0.0,3.7911111111111113,0.022076466437597333,3.7670000000000003,3.8103333333333333,0.0,0.0,0.0,0.0,30.517472222222224,2.70526466708555,27.4685,32.63041666666667,96.77175,0.03752776749732436,96.75008333333334,96.81508333333333
gds,seq,4096,16,3,6.852023,0.009840382055591308,6.841105,6.860208,10088.663116333333,1139.5817050281232,9375.228714,11402.931871,1745.025,6.9415866341924515,1739.45,1752.8,9.0,2.6457513110645907,7.0,12.0,1004.9232499999999,179.04244537750515,867.9816666666667,1207.52625,96.12285310734464,15.432802012406311,85.41711864406778,113.81313559322035,51.7671186440678,3.9727992024898033,49.046779661016956,56.326186440677965,44.35570621468926,11.460350055772413,36.37025423728813,57.487033898305086,6147.064106666667,171.23324731304925,6010.73456,6339.251120000001,6754.502933333333,27.972801289290175,6722.50976,6774.347279999999,6793.603012532552,12.918181467346974,6784.307724527996,6808.35400390625,0.0,0.0,0.0,0.0,7.0245,0.33752584263200436,6.666333333333333,7.336666666666667,0.0,0.0,0.0,0.0,54.226416666666665,2.50157431402929,52.756499999999996,57.11483333333333,96.7881111111111,0.10722057785151995,96.67341666666667,96.88583333333332
